{
    "accuracy": 0.8292682926829268,
    "precision": 0.832825659076882,
    "recall": 0.8292682926829268,
    "f1_score": 0.8293602141574606,
    "roc_auc": {
        "class_0": 0.9698316664608799,
        "class_1": 0.9648057206857931,
        "class_2": 0.9683221406632307
    },
    "confusion_matrix": [
        [
            149,
            20,
            9
        ],
        [
            15,
            138,
            6
        ],
        [
            7,
            20,
            87
        ]
    ],
    "classification_report": "              precision    recall  f1-score   support\n\n           0       0.87      0.84      0.85       178\n           1       0.78      0.87      0.82       159\n           2       0.85      0.76      0.81       114\n\n    accuracy                           0.83       451\n   macro avg       0.83      0.82      0.83       451\nweighted avg       0.83      0.83      0.83       451\n"
}