{
    "accuracy": 0.9135254988913526,
    "precision": 0.9155664047810329,
    "recall": 0.9135254988913526,
    "f1_score": 0.9137555404239184,
    "roc_auc": {
        "class_0": 0.9883113141540107,
        "class_1": 0.9713965710347204,
        "class_2": 0.9977874954448436
    },
    "confusion_matrix": [
        [
            168,
            9,
            1
        ],
        [
            15,
            143,
            1
        ],
        [
            2,
            11,
            101
        ]
    ]
}