{
    "accuracy": 0.6008869179600886,
    "precision": 0.5972624685620197,
    "recall": 0.6008869179600886,
    "f1_score": 0.5939408334414743,
    "roc_auc": {
        "class_0": 0.7671523233320986,
        "class_1": 0.6991686051520634,
        "class_2": 0.8693841428497058
    },
    "confusion_matrix": [
        [
            116,
            40,
            22
        ],
        [
            55,
            69,
            35
        ],
        [
            14,
            14,
            86
        ]
    ],
    "classification_report": "              precision    recall  f1-score   support\n\n           0       0.63      0.65      0.64       178\n           1       0.56      0.43      0.49       159\n           2       0.60      0.75      0.67       114\n\n    accuracy                           0.60       451\n   macro avg       0.60      0.61      0.60       451\nweighted avg       0.60      0.60      0.59       451\n"
}