{
    "accuracy": 0.8337028824833703,
    "precision": 0.8478610882965513,
    "recall": 0.8337028824833703,
    "f1_score": 0.8280334535126459,
    "roc_auc": {
        "class_0": 0.9440157221056098,
        "class_1": 0.9280606530541914,
        "class_2": 0.9971107293456193
    },
    "confusion_matrix": [
        [
            170,
            6,
            2
        ],
        [
            56,
            99,
            4
        ],
        [
            0,
            7,
            107
        ]
    ],
    "classification_report": "              precision    recall  f1-score   support\n\n           0       0.75      0.96      0.84       178\n           1       0.88      0.62      0.73       159\n           2       0.95      0.94      0.94       114\n\n    accuracy                           0.83       451\n   macro avg       0.86      0.84      0.84       451\nweighted avg       0.85      0.83      0.83       451\n"
}